Frenchmen (Le coeur des hommes),mgrunbaum8,pellentesque ultrices phasellus id sapien in sapien iaculis congue vivamus metus,2002-12-27 04:54:20.000+0000
Frenchmen (Le coeur des hommes),cpond9,nullam varius nulla facilisi cras non velit nec nisi vulputate nonummy maecenas tincidunt lacus at velit vivamus vel nulla eget eros elementum pellentesque quisque porta volutpat,2009-03-08 07:37:47.000+0000
Frenchmen (Le coeur des hommes),mnicklinsong,est lacinia nisi venenatis tristique fusce congue diam id ornare imperdiet sapien urna,2011-12-31 02:06:57.000+0000
Frenchmen (Le coeur des hommes),cpond9,tristique fusce congue diam id ornare imperdiet sapien urna pretium nisl ut volutpat sapien arcu sed augue aliquam erat volutpat in congue etiam justo etiam pretium iaculis,2012-01-29 01:53:34.000+0000
Frenchmen (Le coeur des hommes),mnicklinsong,turpis enim blandit mi in porttitor pede justo eu massa donec dapibus duis at velit eu est congue elementum in hac habitasse platea dictumst morbi vestibulum velit id pretium,2016-07-26 01:32:18.000+0000
Around the World,mgrunbaum8,quis tortor id nulla ultrices aliquet maecenas leo odio condimentum id,2002-12-11 01:50:25.000+0000
Around the World,mgrunbaum8,quam sollicitudin vitae consectetuer eget rutrum at lorem integer tincidunt ante vel ipsum praesent blandit lacinia erat vestibulum sed magna at nunc commodo placerat praesent,2003-03-29 16:51:28.000+0000
Around the World,mgrunbaum8,sem duis aliquam convallis nunc proin at turpis a pede posuere nonummy integer non velit donec diam neque vestibulum,2004-04-24 12:52:39.000+0000
Around the World,mgrunbaum8,nunc nisl duis bibendum felis sed interdum venenatis turpis enim blandit mi in porttitor pede justo eu massa donec dapibus duis at velit eu est congue elementum in,2019-03-24 05:18:29.000+0000
Around the World,mnicklinsong,dolor morbi vel lectus in quam fringilla rhoncus mauris enim leo rhoncus sed vestibulum sit amet,2023-09-24 01:15:38.000+0000
Superheroes,mgrunbaum8,erat id mauris vulputate elementum nullam varius nulla facilisi cras non velit nec nisi vulputate nonummy,2001-01-16 22:28:02.000+0000
Superheroes,cpond9,faucibus accumsan odio curabitur convallis duis consequat dui nec nisi volutpat eleifend donec ut dolor,2001-10-22 00:50:15.000+0000
Superheroes,cpond9,donec dapibus duis at velit eu est congue elementum in hac habitasse platea dictumst morbi vestibulum velit id pretium iaculis diam erat fermentum,2003-11-06 07:01:00.000+0000
Superheroes,mnicklinsong,lobortis est phasellus sit amet erat nulla tempus vivamus in,2004-11-09 10:23:31.000+0000
Superheroes,mgrunbaum8,suscipit ligula in lacus curabitur at ipsum ac tellus semper interdum mauris ullamcorper purus sit amet nulla quisque arcu libero,2005-02-17 00:26:55.000+0000
Superheroes,cpond9,feugiat non pretium quis lectus suspendisse potenti in eleifend quam a odio in hac habitasse platea dictumst maecenas ut massa quis,2005-02-27 01:14:38.000+0000
Superheroes,cpond9,sit amet nulla quisque arcu libero rutrum ac lobortis vel dapibus at diam nam tristique tortor,2008-08-19 11:50:17.000+0000
Superheroes,cpond9,duis bibendum morbi non quam nec dui luctus rutrum nulla tellus in sagittis dui vel nisl duis ac,2016-10-03 08:19:09.000+0000
Superheroes,cpond9,arcu sed augue aliquam erat volutpat in congue etiam justo etiam pretium iaculis justo in hac habitasse platea dictumst etiam faucibus cursus urna,2018-07-17 10:35:05.000+0000
Superheroes,cpond9,purus phasellus in felis donec semper sapien a libero nam dui proin,2020-04-26 06:17:19.000+0000
